local_date,month,weekday,expected_hours,intervals,priced_hours,power_hours,mean_price_eur_mwh,negative_price_hours,observed_load_mwh,wind_solar_load_ratio
2025-01-01,2025-01,2,24.00000000,96,24.00000000,24.00000000,0.95458333,14.00000000,1180491.40000000,0.84911764
2025-01-02,2025-01,3,24.00000000,96,24.00000000,24.00000000,92.90958333,0.00000000,1306005.25000000,0.49884612
2025-01-03,2025-01,4,24.00000000,96,24.00000000,24.00000000,89.94083333,0.00000000,1366766.02500000,0.57518632
2025-01-04,2025-01,5,24.00000000,96,24.00000000,24.00000000,120.79333333,0.00000000,1264563.57500000,0.26500629
2025-01-05,2025-01,6,24.00000000,96,24.00000000,24.00000000,72.23750000,0.00000000,1225571.20000000,0.48759770
2025-01-06,2025-01,0,24.00000000,96,24.00000000,24.00000000,25.16375000,0.00000000,1346586.00000000,0.78632889
2025-01-07,2025-01,1,24.00000000,96,24.00000000,24.00000000,58.29041667,0.00000000,1479230.15000000,0.66484497
2025-01-08,2025-01,2,24.00000000,96,24.00000000,24.00000000,104.52750000,0.00000000,1538767.52500000,0.44161889
2025-01-09,2025-01,3,24.00000000,96,24.00000000,24.00000000,121.53125000,0.00000000,1497377.20000000,0.29927264
2025-01-10,2025-01,4,24.00000000,96,24.00000000,24.00000000,112.42750000,0.00000000,1535796.92500000,0.41672162
2025-01-11,2025-01,5,24.00000000,96,24.00000000,24.00000000,101.89041667,0.00000000,1344363.37500000,0.44629840
2025-01-12,2025-01,6,24.00000000,96,24.00000000,24.00000000,110.06541667,0.00000000,1268634.32500000,0.26354123
2025-01-13,2025-01,0,24.00000000,96,24.00000000,24.00000000,129.20166667,0.00000000,1543399.47500000,0.23308708
2025-01-14,2025-01,1,24.00000000,96,24.00000000,24.00000000,126.81750000,0.00000000,1617477.67500000,0.39004112
2025-01-15,2025-01,2,24.00000000,96,24.00000000,24.00000000,222.18125000,0.00000000,1525813.50000000,0.13027642
2025-01-16,2025-01,3,24.00000000,96,24.00000000,24.00000000,148.10458333,0.00000000,1545103.42500000,0.16141411
2025-01-17,2025-01,4,24.00000000,96,24.00000000,24.00000000,146.31833333,0.00000000,1544152.60000000,0.11849938
2025-01-18,2025-01,5,24.00000000,96,24.00000000,24.00000000,134.14916667,0.00000000,1324960.32500000,0.11140096
2025-01-19,2025-01,6,24.00000000,96,24.00000000,24.00000000,128.72416667,0.00000000,1252944.30000000,0.18706526
2025-01-20,2025-01,0,24.00000000,96,24.00000000,24.00000000,231.35791667,0.00000000,1518643.77500000,0.12504318
2025-01-21,2025-01,1,24.00000000,96,24.00000000,24.00000000,168.45625000,0.00000000,1531658.80000000,0.15318084
2025-01-22,2025-01,2,24.00000000,96,24.00000000,24.00000000,161.44875000,0.00000000,1508914.95000000,0.24970632
2025-01-23,2025-01,3,24.00000000,96,24.00000000,24.00000000,103.93583333,0.00000000,1526154.25000000,0.49798494
2025-01-24,2025-01,4,24.00000000,96,24.00000000,24.00000000,78.89958333,0.00000000,1486931.95000000,0.63390080
2025-01-25,2025-01,5,24.00000000,96,24.00000000,24.00000000,99.32541667,0.00000000,1292431.35000000,0.46955647
2025-01-26,2025-01,6,24.00000000,96,24.00000000,24.00000000,101.46083333,0.00000000,1193861.47500000,0.37910010
2025-01-27,2025-01,0,24.00000000,96,24.00000000,24.00000000,60.17333333,0.00000000,1484310.80000000,0.63195434
2025-01-28,2025-01,1,24.00000000,96,24.00000000,24.00000000,106.37416667,0.00000000,1483766.42500000,0.43173274
2025-01-29,2025-01,2,24.00000000,96,24.00000000,24.00000000,108.13500000,0.00000000,1491606.32500000,0.53253322
2025-01-30,2025-01,3,24.00000000,96,24.00000000,24.00000000,131.53166667,0.00000000,1486552.40000000,0.28889205
2025-01-31,2025-01,4,24.00000000,96,24.00000000,24.00000000,141.01750000,0.00000000,1457844.40000000,0.30374972
2025-02-01,2025-02,5,24.00000000,96,24.00000000,24.00000000,135.44625000,0.00000000,1258504.92500000,0.17954600
2025-02-02,2025-02,6,24.00000000,96,24.00000000,24.00000000,137.12791667,0.00000000,1215841.97500000,0.15182329
2025-02-03,2025-02,0,24.00000000,96,24.00000000,24.00000000,154.50791667,0.00000000,1477659.62500000,0.12899312
2025-02-04,2025-02,1,24.00000000,96,24.00000000,24.00000000,142.41625000,0.00000000,1536942.82500000,0.24043485
2025-02-05,2025-02,2,24.00000000,96,24.00000000,24.00000000,141.76916667,0.00000000,1555798.35000000,0.24179234
2025-02-06,2025-02,3,24.00000000,96,24.00000000,24.00000000,150.08875000,0.00000000,1512802.35000000,0.16496773
2025-02-07,2025-02,4,24.00000000,96,24.00000000,24.00000000,121.17666667,0.00000000,1528301.17500000,0.55948424
2025-02-08,2025-02,5,24.00000000,96,24.00000000,24.00000000,108.80916667,0.00000000,1319652.17500000,0.49361681
2025-02-09,2025-02,6,24.00000000,96,24.00000000,24.00000000,128.41958333,0.00000000,1245012.32500000,0.34110564
2025-02-10,2025-02,0,24.00000000,96,24.00000000,24.00000000,121.83541667,0.00000000,1539663.20000000,0.44727378
2025-02-11,2025-02,1,24.00000000,96,24.00000000,24.00000000,120.01291667,0.00000000,1580241.60000000,0.43343792
2025-02-12,2025-02,2,24.00000000,96,24.00000000,24.00000000,154.32458333,0.00000000,1560451.62500000,0.29662236
2025-02-13,2025-02,3,24.00000000,96,24.00000000,24.00000000,172.12333333,0.00000000,1564519.20000000,0.14844148
2025-02-14,2025-02,4,24.00000000,96,24.00000000,24.00000000,179.14416667,0.00000000,1524579.55000000,0.08296571
2025-02-15,2025-02,5,24.00000000,96,24.00000000,24.00000000,133.65750000,0.00000000,1307377.27500000,0.08169843
2025-02-16,2025-02,6,24.00000000,96,24.00000000,24.00000000,132.65041667,0.00000000,1256914.77500000,0.26289014
2025-02-17,2025-02,0,24.00000000,96,24.00000000,24.00000000,153.41500000,0.00000000,1493540.12500000,0.19673974
2025-02-18,2025-02,1,24.00000000,96,24.00000000,24.00000000,132.45458333,0.00000000,1527674.67500000,0.30500661
2025-02-19,2025-02,2,24.00000000,96,24.00000000,24.00000000,110.82958333,0.00000000,1533208.37500000,0.51649062
2025-02-20,2025-02,3,24.00000000,96,24.00000000,24.00000000,94.94916667,0.00000000,1543620.40000000,0.43557443
2025-02-21,2025-02,4,24.00000000,96,24.00000000,24.00000000,90.79833333,0.00000000,1436870.77500000,0.47567099
2025-02-22,2025-02,5,24.00000000,96,24.00000000,24.00000000,70.32250000,0.00000000,1266829.92500000,0.56593090
2025-02-23,2025-02,6,24.00000000,96,24.00000000,24.00000000,91.04208333,0.00000000,1141098.25000000,0.43289169
2025-02-24,2025-02,0,24.00000000,96,24.00000000,24.00000000,91.04875000,0.00000000,1441008.85000000,0.56484148
2025-02-25,2025-02,1,24.00000000,96,24.00000000,24.00000000,139.75625000,0.00000000,1404481.92500000,0.20661615
2025-02-26,2025-02,2,24.00000000,96,24.00000000,24.00000000,135.69500000,0.00000000,1434222.77500000,0.17918550
2025-02-27,2025-02,3,24.00000000,96,24.00000000,24.00000000,126.03208333,0.00000000,1438264.45000000,0.23710137
2025-02-28,2025-02,4,24.00000000,96,24.00000000,24.00000000,128.77291667,0.00000000,1422233.65000000,0.16969399
2025-03-01,2025-03,5,24.00000000,96,24.00000000,24.00000000,123.64708333,0.00000000,1244285.32500000,0.19443906
2025-03-02,2025-03,6,24.00000000,96,24.00000000,24.00000000,91.11833333,0.00000000,1182745.00000000,0.41188893
2025-03-03,2025-03,0,24.00000000,96,24.00000000,24.00000000,106.44916667,0.00000000,1405731.27500000,0.43058923
2025-03-04,2025-03,1,24.00000000,96,24.00000000,24.00000000,107.76625000,0.00000000,1447903.20000000,0.39850981
2025-03-05,2025-03,2,24.00000000,96,24.00000000,24.00000000,78.55375000,3.00000000,1447368.95000000,0.52134554
2025-03-06,2025-03,3,24.00000000,96,24.00000000,24.00000000,89.81916667,0.00000000,1398046.10000000,0.41793790
2025-03-07,2025-03,4,24.00000000,96,24.00000000,24.00000000,103.99291667,0.00000000,1329325.75000000,0.31652986
2025-03-08,2025-03,5,24.00000000,96,24.00000000,24.00000000,90.68583333,2.00000000,1146976.45000000,0.40806670
2025-03-09,2025-03,6,24.00000000,96,24.00000000,24.00000000,77.20916667,2.00000000,1099817.80000000,0.41911799
2025-03-10,2025-03,0,24.00000000,96,24.00000000,24.00000000,112.85750000,0.00000000,1344023.57500000,0.21390748
2025-03-11,2025-03,1,24.00000000,96,24.00000000,24.00000000,125.29750000,0.00000000,1391006.60000000,0.18952527
2025-03-12,2025-03,2,24.00000000,96,24.00000000,24.00000000,124.87083333,0.00000000,1418158.67500000,0.13267875
2025-03-13,2025-03,3,24.00000000,96,24.00000000,24.00000000,125.14083333,0.00000000,1431450.75000000,0.16308886
2025-03-14,2025-03,4,24.00000000,96,24.00000000,24.00000000,121.23458333,0.00000000,1416697.57500000,0.18137149
2025-03-15,2025-03,5,24.00000000,96,24.00000000,24.00000000,92.91916667,0.00000000,1202481.52500000,0.38191348
2025-03-16,2025-03,6,24.00000000,96,24.00000000,24.00000000,72.03208333,0.00000000,1153088.50000000,0.44679149
2025-03-17,2025-03,0,24.00000000,96,24.00000000,24.00000000,99.11083333,0.00000000,1401572.05000000,0.43946171
2025-03-18,2025-03,1,24.00000000,96,24.00000000,24.00000000,90.14458333,2.00000000,1402288.65000000,0.38841306
2025-03-19,2025-03,2,24.00000000,96,24.00000000,24.00000000,104.38750000,3.00000000,1372994.00000000,0.31545946
2025-03-20,2025-03,3,24.00000000,96,24.00000000,24.00000000,108.29916667,0.00000000,1346671.97500000,0.30911776
2025-03-21,2025-03,4,24.00000000,96,24.00000000,24.00000000,73.52375000,0.00000000,1347446.42500000,0.51904880
2025-03-22,2025-03,5,24.00000000,96,24.00000000,24.00000000,14.96125000,6.00000000,1185537.70000000,0.79332829
2025-03-23,2025-03,6,24.00000000,96,24.00000000,24.00000000,54.96416667,0.00000000,1126024.47500000,0.50102526
2025-03-24,2025-03,0,24.00000000,96,24.00000000,24.00000000,129.88333333,0.00000000,1318667.45000000,0.17421801
2025-03-25,2025-03,1,24.00000000,96,24.00000000,24.00000000,111.78000000,0.00000000,1388527.95000000,0.31671631
2025-03-26,2025-03,2,24.00000000,96,24.00000000,24.00000000,114.53375000,0.00000000,1399176.40000000,0.27089874
2025-03-27,2025-03,3,24.00000000,96,24.00000000,24.00000000,98.96875000,0.00000000,1360873.60000000,0.32559133
2025-03-28,2025-03,4,24.00000000,96,24.00000000,24.00000000,88.34250000,2.00000000,1307688.37500000,0.41398412
2025-03-29,2025-03,5,24.00000000,96,24.00000000,24.00000000,84.51291667,0.00000000,1126671.00000000,0.41825244
2025-03-30,2025-03,6,23.00000000,92,23.00000000,23.00000000,11.68304348,10.00000000,1078479.30000000,0.81097208
2025-03-31,2025-03,0,24.00000000,96,24.00000000,24.00000000,104.40250000,0.00000000,1341868.15000000,0.43057163
2025-04-01,2025-04,1,24.00000000,96,24.00000000,24.00000000,94.21916667,0.00000000,1342899.35000000,0.42286295
2025-04-02,2025-04,2,24.00000000,96,24.00000000,24.00000000,61.61541667,5.00000000,1317063.20000000,0.62714312
2025-04-03,2025-04,3,24.00000000,96,24.00000000,24.00000000,77.49916667,5.00000000,1298442.52500000,0.51502559
2025-04-04,2025-04,4,24.00000000,96,24.00000000,24.00000000,89.90875000,3.00000000,1267084.20000000,0.39384906
2025-04-05,2025-04,5,24.00000000,96,24.00000000,24.00000000,54.82541667,6.00000000,1102792.25000000,0.62845330
2025-04-06,2025-04,6,24.00000000,96,24.00000000,24.00000000,38.28541667,7.00000000,1053184.72500000,0.58272655
2025-04-07,2025-04,0,24.00000000,96,24.00000000,24.00000000,96.13250000,0.00000000,1293661.12500000,0.40203330
2025-04-08,2025-04,1,24.00000000,96,24.00000000,24.00000000,98.74625000,0.00000000,1301074.02500000,0.30467555
2025-04-09,2025-04,2,24.00000000,96,24.00000000,24.00000000,91.56083333,0.00000000,1326976.25000000,0.38294274
2025-04-10,2025-04,3,24.00000000,96,24.00000000,24.00000000,85.52291667,0.00000000,1343983.70000000,0.42054546
2025-04-11,2025-04,4,24.00000000,96,24.00000000,24.00000000,64.63125000,4.00000000,1317890.15000000,0.58047886
2025-04-12,2025-04,5,24.00000000,96,24.00000000,24.00000000,65.40541667,5.00000000,1084508.75000000,0.48893573
2025-04-13,2025-04,6,24.00000000,96,24.00000000,24.00000000,39.20375000,6.00000000,1072549.82500000,0.67159115
2025-04-14,2025-04,0,24.00000000,96,24.00000000,24.00000000,98.15708333,0.00000000,1268209.80000000,0.35608779
2025-04-15,2025-04,1,24.00000000,96,24.00000000,24.00000000,70.04166667,0.00000000,1332442.75000000,0.57134535
2025-04-16,2025-04,2,24.00000000,96,24.00000000,24.00000000,89.57708333,0.00000000,1304241.67500000,0.37164807
2025-04-17,2025-04,3,24.00000000,96,24.00000000,24.00000000,98.48666667,0.00000000,1328354.37500000,0.40594295
2025-04-18,2025-04,4,24.00000000,96,24.00000000,24.00000000,87.89791667,0.00000000,1079106.12500000,0.30337408
2025-04-19,2025-04,5,24.00000000,96,24.00000000,24.00000000,68.91958333,3.00000000,1036644.02500000,0.35851121
2025-04-20,2025-04,6,24.00000000,96,24.00000000,24.00000000,65.26416667,5.00000000,950210.00000000,0.44582256
2025-04-21,2025-04,0,24.00000000,96,24.00000000,24.00000000,81.99166667,0.00000000,982259.02500000,0.30481410
2025-04-22,2025-04,1,24.00000000,96,24.00000000,24.00000000,112.64208333,0.00000000,1228779.87500000,0.26006330
2025-04-23,2025-04,2,24.00000000,96,24.00000000,24.00000000,109.47583333,0.00000000,1284799.92500000,0.28409283
2025-04-24,2025-04,3,24.00000000,96,24.00000000,24.00000000,96.79625000,0.00000000,1330402.25000000,0.29129647
2025-04-25,2025-04,4,24.00000000,96,24.00000000,24.00000000,88.52583333,0.00000000,1294833.35000000,0.25365295
2025-04-26,2025-04,5,24.00000000,96,24.00000000,24.00000000,57.39250000,6.00000000,1075474.82500000,0.53284706
2025-04-27,2025-04,6,24.00000000,96,24.00000000,24.00000000,31.43458333,7.00000000,997387.10000000,0.58164044
2025-04-28,2025-04,0,24.00000000,96,24.00000000,24.00000000,75.74916667,5.00000000,1231659.32500000,0.37081388
2025-04-29,2025-04,1,24.00000000,96,24.00000000,24.00000000,73.20291667,4.00000000,1263496.27500000,0.38850649
2025-04-30,2025-04,2,24.00000000,96,24.00000000,24.00000000,74.95833333,4.00000000,1231318.67500000,0.36923744
2025-05-01,2025-05,3,24.00000000,96,24.00000000,24.00000000,44.96625000,7.00000000,983001.35000000,0.45920458
2025-05-02,2025-05,4,24.00000000,96,24.00000000,24.00000000,62.79125000,5.00000000,1118995.80000000,0.52555278
2025-05-03,2025-05,5,24.00000000,96,24.00000000,24.00000000,55.07791667,5.00000000,1049217.47500000,0.47991976
2025-05-04,2025-05,6,24.00000000,96,24.00000000,24.00000000,33.54208333,7.00000000,1033231.67500000,0.62803891
2025-05-05,2025-05,0,24.00000000,96,24.00000000,24.00000000,87.40375000,0.00000000,1256328.22500000,0.43406020
2025-05-06,2025-05,1,24.00000000,96,24.00000000,24.00000000,90.96291667,0.00000000,1274749.65000000,0.48115622
2025-05-07,2025-05,2,24.00000000,96,24.00000000,24.00000000,98.93000000,0.00000000,1276997.92500000,0.39437627
2025-05-08,2025-05,3,24.00000000,96,24.00000000,24.00000000,103.17708333,0.00000000,1263720.55000000,0.38246521
2025-05-09,2025-05,4,24.00000000,96,24.00000000,24.00000000,81.11375000,3.00000000,1237716.45000000,0.43630306
2025-05-10,2025-05,5,24.00000000,96,24.00000000,24.00000000,52.30041667,7.00000000,1044517.45000000,0.47924803
2025-05-11,2025-05,6,24.00000000,96,24.00000000,24.00000000,19.40666667,9.00000000,963625.55000000,0.65763711
2025-05-12,2025-05,0,24.00000000,96,24.00000000,24.00000000,69.61333333,6.00000000,1215686.55000000,0.64943311
2025-05-13,2025-05,1,24.00000000,96,24.00000000,24.00000000,79.50416667,5.00000000,1246575.45000000,0.48145979
2025-05-14,2025-05,2,24.00000000,96,24.00000000,24.00000000,69.06500000,6.00000000,1262606.67500000,0.53574471
2025-05-15,2025-05,3,24.00000000,96,24.00000000,24.00000000,66.23666667,6.00000000,1262879.00000000,0.59134881
2025-05-16,2025-05,4,24.00000000,96,24.00000000,24.00000000,73.40333333,5.00000000,1247131.82500000,0.52089700
2025-05-17,2025-05,5,24.00000000,96,24.00000000,24.00000000,59.50625000,7.00000000,1078920.80000000,0.56440857
2025-05-18,2025-05,6,24.00000000,96,24.00000000,24.00000000,62.93250000,6.00000000,1010614.65000000,0.52548474
2025-05-19,2025-05,0,24.00000000,96,24.00000000,24.00000000,95.53541667,0.00000000,1217021.15000000,0.38359775
2025-05-20,2025-05,1,24.00000000,96,24.00000000,24.00000000,91.14333333,0.00000000,1264564.02500000,0.40879880
2025-05-21,2025-05,2,24.00000000,96,24.00000000,24.00000000,71.34750000,4.00000000,1295891.72500000,0.59334593
2025-05-22,2025-05,3,24.00000000,96,24.00000000,24.00000000,61.21583333,6.00000000,1306048.82500000,0.62956750
2025-05-23,2025-05,4,24.00000000,96,24.00000000,24.00000000,82.57083333,0.00000000,1263989.67500000,0.58253880
2025-05-24,2025-05,5,24.00000000,96,24.00000000,24.00000000,58.10000000,7.00000000,1068737.27500000,0.65834826
2025-05-25,2025-05,6,24.00000000,96,24.00000000,24.00000000,23.71333333,7.00000000,1050473.80000000,0.67291952
2025-05-26,2025-05,0,24.00000000,96,24.00000000,24.00000000,72.91375000,4.00000000,1241197.22500000,0.55014601
2025-05-27,2025-05,1,24.00000000,96,24.00000000,24.00000000,61.84708333,0.00000000,1275493.05000000,0.61486184
2025-05-28,2025-05,2,24.00000000,96,24.00000000,24.00000000,84.18916667,0.00000000,1278889.17500000,0.57944208
2025-05-29,2025-05,3,24.00000000,96,24.00000000,24.00000000,56.29125000,4.00000000,1032899.22500000,0.58143526
2025-05-30,2025-05,4,24.00000000,96,24.00000000,24.00000000,48.18708333,6.00000000,1123246.40000000,0.70721144
2025-05-31,2025-05,5,24.00000000,96,24.00000000,24.00000000,70.50958333,7.00000000,1019758.97500000,0.42701745
2025-06-01,2025-06,6,24.00000000,96,24.00000000,24.00000000,39.57750000,9.00000000,991524.32500000,0.57573446
2025-06-02,2025-06,0,24.00000000,96,24.00000000,24.00000000,87.03791667,0.00000000,1259343.25000000,0.38130226
2025-06-03,2025-06,1,24.00000000,96,24.00000000,24.00000000,71.68666667,5.00000000,1262216.37500000,0.47166970
2025-06-04,2025-06,2,24.00000000,96,24.00000000,24.00000000,83.11291667,0.00000000,1309261.87500000,0.47030624
2025-06-05,2025-06,3,24.00000000,96,24.00000000,24.00000000,80.15791667,0.00000000,1272380.62500000,0.50092564
2025-06-06,2025-06,4,24.00000000,96,24.00000000,24.00000000,48.63333333,7.00000000,1272941.72500000,0.74865984
2025-06-07,2025-06,5,24.00000000,96,24.00000000,24.00000000,59.71541667,4.00000000,1047261.77500000,0.52769548
2025-06-08,2025-06,6,24.00000000,96,24.00000000,24.00000000,22.63708333,10.00000000,968145.45000000,0.81174169
2025-06-09,2025-06,0,24.00000000,96,24.00000000,24.00000000,33.31125000,8.00000000,977176.10000000,0.68639110
2025-06-10,2025-06,1,24.00000000,96,24.00000000,24.00000000,54.12250000,4.00000000,1216301.00000000,0.68335585
2025-06-11,2025-06,2,24.00000000,96,24.00000000,24.00000000,71.60458333,5.00000000,1246334.60000000,0.54682755
2025-06-12,2025-06,3,24.00000000,96,24.00000000,24.00000000,59.28041667,6.00000000,1231336.55000000,0.60689446
2025-06-13,2025-06,4,24.00000000,96,24.00000000,24.00000000,52.09333333,6.00000000,1229177.55000000,0.72066861
2025-06-14,2025-06,5,24.00000000,96,24.00000000,24.00000000,44.37541667,7.00000000,1079866.70000000,0.69607480
2025-06-15,2025-06,6,24.00000000,96,24.00000000,24.00000000,61.84458333,6.00000000,1014537.55000000,0.48262129
2025-06-16,2025-06,0,24.00000000,96,24.00000000,24.00000000,81.09666667,0.00000000,1256013.17500000,0.48414146
2025-06-17,2025-06,1,24.00000000,96,24.00000000,24.00000000,84.64500000,5.00000000,1255319.05000000,0.42950236
2025-06-18,2025-06,2,24.00000000,96,24.00000000,24.00000000,79.82458333,4.00000000,1254661.07500000,0.45127492
2025-06-19,2025-06,3,24.00000000,96,24.00000000,24.00000000,56.02250000,7.00000000,1116813.25000000,0.61430747
2025-06-20,2025-06,4,24.00000000,96,24.00000000,24.00000000,87.05333333,2.00000000,1128203.65000000,0.49934447
2025-06-21,2025-06,5,24.00000000,96,24.00000000,24.00000000,72.61250000,5.00000000,1024147.50000000,0.48600016
2025-06-22,2025-06,6,24.00000000,96,24.00000000,24.00000000,41.46500000,9.00000000,988039.12500000,0.61835299
2025-06-23,2025-06,0,24.00000000,96,24.00000000,24.00000000,38.73750000,9.00000000,1291396.12500000,0.73474520
2025-06-24,2025-06,1,24.00000000,96,24.00000000,24.00000000,47.21916667,8.00000000,1291527.45000000,0.75799051
2025-06-25,2025-06,2,24.00000000,96,24.00000000,24.00000000,80.14875000,3.00000000,1297156.47500000,0.59980767
2025-06-26,2025-06,3,24.00000000,96,24.00000000,24.00000000,91.36458333,0.00000000,1309342.40000000,0.49951138
2025-06-27,2025-06,4,24.00000000,96,24.00000000,24.00000000,81.18708333,0.00000000,1299277.22500000,0.54692062
2025-06-28,2025-06,5,24.00000000,96,24.00000000,24.00000000,52.51458333,6.00000000,1093230.77500000,0.70099234
2025-06-29,2025-06,6,24.00000000,96,24.00000000,24.00000000,54.11916667,6.00000000,1040360.45000000,0.66950534
2025-06-30,2025-06,0,24.00000000,96,24.00000000,24.00000000,102.42375000,0.00000000,1255048.20000000,0.44868311
2025-07-01,2025-07,1,24.00000000,96,24.00000000,24.00000000,138.36458333,0.00000000,1307003.50000000,0.41274670
2025-07-02,2025-07,2,24.00000000,96,24.00000000,24.00000000,103.88500000,0.00000000,1334773.15000000,0.44884206
2025-07-03,2025-07,3,24.00000000,96,24.00000000,24.00000000,86.46583333,0.00000000,1337490.32500000,0.49739569
2025-07-04,2025-07,4,24.00000000,96,24.00000000,24.00000000,79.61500000,4.00000000,1264036.05000000,0.44102033
2025-07-05,2025-07,5,24.00000000,96,24.00000000,24.00000000,53.85666667,6.00000000,1085139.00000000,0.66172559
2025-07-06,2025-07,6,24.00000000,96,24.00000000,24.00000000,73.49041667,0.00000000,1029455.62500000,0.50465507
2025-07-07,2025-07,0,24.00000000,96,24.00000000,24.00000000,99.97333333,0.00000000,1272024.82500000,0.38586456
2025-07-08,2025-07,1,24.00000000,96,24.00000000,24.00000000,90.01250000,0.00000000,1272612.62500000,0.49034910
2025-07-09,2025-07,2,24.00000000,96,24.00000000,24.00000000,91.79833333,0.00000000,1256383.87500000,0.41822271
2025-07-10,2025-07,3,24.00000000,96,24.00000000,24.00000000,90.41333333,0.00000000,1238400.15000000,0.36742724
2025-07-11,2025-07,4,24.00000000,96,24.00000000,24.00000000,87.88291667,0.00000000,1252048.47500000,0.42725752
2025-07-12,2025-07,5,24.00000000,96,24.00000000,24.00000000,72.25625000,0.00000000,1076166.50000000,0.43714983
2025-07-13,2025-07,6,24.00000000,96,24.00000000,24.00000000,73.49083333,0.00000000,998775.42500000,0.40096599
2025-07-14,2025-07,0,24.00000000,96,24.00000000,24.00000000,98.47166667,0.00000000,1222517.17500000,0.30985847
2025-07-15,2025-07,1,24.00000000,96,24.00000000,24.00000000,90.82458333,0.00000000,1230154.20000000,0.39542451
2025-07-16,2025-07,2,24.00000000,96,24.00000000,24.00000000,95.75041667,0.00000000,1257582.27500000,0.37229954
2025-07-17,2025-07,3,24.00000000,96,24.00000000,24.00000000,92.61208333,0.00000000,1244254.37500000,0.44459283
2025-07-18,2025-07,4,24.00000000,96,24.00000000,24.00000000,100.93375000,0.00000000,1189939.17500000,0.28812500
2025-07-19,2025-07,5,24.00000000,96,24.00000000,24.00000000,70.14208333,1.00000000,1036075.67500000,0.48580206
2025-07-20,2025-07,6,24.00000000,96,24.00000000,24.00000000,71.48083333,1.00000000,986846.15000000,0.51918480
2025-07-21,2025-07,0,24.00000000,96,24.00000000,24.00000000,100.23000000,0.00000000,1246908.57500000,0.27368638
2025-07-22,2025-07,1,24.00000000,96,24.00000000,24.00000000,78.38083333,0.00000000,1246405.00000000,0.48465527
2025-07-23,2025-07,2,24.00000000,96,24.00000000,24.00000000,78.25083333,0.00000000,1254440.45000000,0.62126429
2025-07-24,2025-07,3,24.00000000,96,24.00000000,24.00000000,102.54833333,0.00000000,1244556.07500000,0.25341646
2025-07-25,2025-07,4,24.00000000,96,24.00000000,24.00000000,97.42833333,0.00000000,1219140.20000000,0.29560439
2025-07-26,2025-07,5,24.00000000,96,24.00000000,24.00000000,91.15875000,0.00000000,1041632.72500000,0.27985279
2025-07-27,2025-07,6,24.00000000,96,24.00000000,24.00000000,79.43166667,0.00000000,972402.02500000,0.34095929
2025-07-28,2025-07,0,24.00000000,96,24.00000000,24.00000000,94.07583333,0.00000000,1208580.52500000,0.43290945
2025-07-29,2025-07,1,24.00000000,96,24.00000000,24.00000000,76.95250000,0.00000000,1248671.60000000,0.53322341
2025-07-30,2025-07,2,24.00000000,96,24.00000000,24.00000000,75.95250000,0.00000000,1233729.92500000,0.51773781
2025-07-31,2025-07,3,24.00000000,96,24.00000000,24.00000000,85.52208333,0.00000000,1227633.05000000,0.50578538
2025-08-01,2025-08,4,24.00000000,96,24.00000000,24.00000000,93.19041667,0.00000000,1188027.77500000,0.39538017
2025-08-02,2025-08,5,24.00000000,96,24.00000000,24.00000000,67.14708333,0.00000000,1020379.12500000,0.52042544
2025-08-03,2025-08,6,24.00000000,96,24.00000000,24.00000000,42.24833333,7.00000000,969225.42500000,0.63177818
2025-08-04,2025-08,0,24.00000000,96,24.00000000,24.00000000,63.45708333,0.00000000,1186266.32500000,0.58398629
2025-08-05,2025-08,1,24.00000000,96,24.00000000,24.00000000,36.04958333,8.00000000,1226280.32500000,0.68749013
2025-08-06,2025-08,2,24.00000000,96,24.00000000,24.00000000,61.94458333,7.00000000,1208954.37500000,0.59351582
2025-08-07,2025-08,3,24.00000000,96,24.00000000,24.00000000,71.79208333,4.00000000,1191205.67500000,0.44184372
2025-08-08,2025-08,4,24.00000000,96,24.00000000,24.00000000,76.16166667,3.00000000,1177651.27500000,0.44697621
2025-08-09,2025-08,5,24.00000000,96,24.00000000,24.00000000,61.42083333,7.00000000,1012707.60000000,0.47054730
2025-08-10,2025-08,6,24.00000000,96,24.00000000,24.00000000,46.80291667,8.00000000,952554.15000000,0.62085468
2025-08-11,2025-08,0,24.00000000,96,24.00000000,24.00000000,84.47833333,0.00000000,1142493.75000000,0.42078090
2025-08-12,2025-08,1,24.00000000,96,24.00000000,24.00000000,84.95291667,0.00000000,1193070.55000000,0.43454620
2025-08-13,2025-08,2,24.00000000,96,24.00000000,24.00000000,99.83208333,0.00000000,1233356.80000000,0.41943410
2025-08-14,2025-08,3,24.00000000,96,24.00000000,24.00000000,105.06166667,0.00000000,1260041.70000000,0.35088017
2025-08-15,2025-08,4,24.00000000,96,24.00000000,24.00000000,73.61416667,0.00000000,1215539.25000000,0.45479144
2025-08-16,2025-08,5,24.00000000,96,24.00000000,24.00000000,60.93291667,3.00000000,1075929.40000000,0.58442294
2025-08-17,2025-08,6,24.00000000,96,24.00000000,24.00000000,64.04958333,3.00000000,962771.82500000,0.48679818
2025-08-18,2025-08,0,24.00000000,96,24.00000000,24.00000000,91.53125000,0.00000000,1158297.92500000,0.38807978
2025-08-19,2025-08,1,24.00000000,96,24.00000000,24.00000000,82.38708333,0.00000000,1202992.17500000,0.41249616
2025-08-20,2025-08,2,24.00000000,96,24.00000000,24.00000000,91.00750000,0.00000000,1224377.35000000,0.39023862
2025-08-21,2025-08,3,24.00000000,96,24.00000000,24.00000000,92.68458333,0.00000000,1232373.05000000,0.45824544
2025-08-22,2025-08,4,24.00000000,96,24.00000000,24.00000000,73.68583333,0.00000000,1218548.25000000,0.53169119
2025-08-23,2025-08,5,24.00000000,96,24.00000000,24.00000000,67.87541667,0.00000000,1051705.02500000,0.59034088
2025-08-24,2025-08,6,24.00000000,96,24.00000000,24.00000000,63.05416667,6.00000000,967270.25000000,0.50577641
2025-08-25,2025-08,0,24.00000000,96,24.00000000,24.00000000,89.09041667,0.00000000,1180205.87500000,0.39614021
2025-08-26,2025-08,1,24.00000000,96,24.00000000,24.00000000,99.78916667,0.00000000,1203113.00000000,0.38035299
2025-08-27,2025-08,2,24.00000000,96,24.00000000,24.00000000,104.61875000,0.00000000,1243446.85000000,0.40319502
2025-08-28,2025-08,3,24.00000000,96,24.00000000,24.00000000,115.89166667,0.00000000,1267287.60000000,0.20193642
2025-08-29,2025-08,4,24.00000000,96,24.00000000,24.00000000,94.12416667,0.00000000,1210578.65000000,0.37296827
2025-08-30,2025-08,5,24.00000000,96,24.00000000,24.00000000,70.19916667,3.00000000,1027471.25000000,0.48850321
2025-08-31,2025-08,6,24.00000000,96,24.00000000,24.00000000,57.62250000,5.00000000,969314.00000000,0.57807029
2025-09-01,2025-09,0,24.00000000,96,24.00000000,24.00000000,101.46125000,0.00000000,1232169.80000000,0.33499015
2025-09-02,2025-09,1,24.00000000,96,24.00000000,24.00000000,122.08791667,0.00000000,1248625.10000000,0.31596552
2025-09-03,2025-09,2,24.00000000,96,24.00000000,24.00000000,65.67250000,3.00000000,1278666.95000000,0.63218802
2025-09-04,2025-09,3,24.00000000,96,24.00000000,24.00000000,87.61166667,0.00000000,1276098.45000000,0.49703769
2025-09-05,2025-09,4,24.00000000,96,24.00000000,24.00000000,99.91791667,0.00000000,1235635.97500000,0.33436379
2025-09-06,2025-09,5,24.00000000,96,24.00000000,24.00000000,75.44583333,4.00000000,1016692.70000000,0.40624470
2025-09-07,2025-09,6,24.00000000,96,24.00000000,24.00000000,42.13000000,8.00000000,957650.85000000,0.69807396
2025-09-08,2025-09,0,24.00000000,96,24.00000000,24.00000000,123.56208333,0.00000000,1239445.50000000,0.36220124
2025-09-09,2025-09,1,24.00000000,96,24.00000000,24.00000000,142.45291667,0.00000000,1282017.12500000,0.19839907
2025-09-10,2025-09,2,24.00000000,96,24.00000000,24.00000000,125.95166667,0.00000000,1283017.65000000,0.19234652
2025-09-11,2025-09,3,24.00000000,96,24.00000000,24.00000000,72.18041667,3.00000000,1266991.55000000,0.58007832
2025-09-12,2025-09,4,24.00000000,96,24.00000000,24.00000000,54.13041667,6.00000000,1249855.60000000,0.62523025
2025-09-13,2025-09,5,24.00000000,96,24.00000000,24.00000000,60.95625000,3.00000000,1063641.25000000,0.64267010
2025-09-14,2025-09,6,24.00000000,96,24.00000000,24.00000000,71.72333333,1.00000000,984751.20000000,0.51712283
2025-09-15,2025-09,0,24.00000000,96,24.00000000,24.00000000,8.83083333,8.00000000,1269430.92500000,0.82735557
2025-09-16,2025-09,1,24.00000000,96,24.00000000,24.00000000,19.52250000,14.00000000,1305156.47500000,0.82422533
2025-09-17,2025-09,2,24.00000000,96,24.00000000,24.00000000,75.34083333,0.00000000,1301100.55000000,0.62208455
2025-09-18,2025-09,3,24.00000000,96,24.00000000,24.00000000,65.73000000,0.00000000,1302371.60000000,0.65912751
2025-09-19,2025-09,4,24.00000000,96,24.00000000,24.00000000,96.48125000,0.00000000,1262812.20000000,0.50697016
2025-09-20,2025-09,5,24.00000000,96,24.00000000,24.00000000,58.70666667,5.00000000,1060294.77500000,0.67138999
2025-09-21,2025-09,6,24.00000000,96,24.00000000,24.00000000,32.17708333,5.00000000,1040798.12500000,0.67347633
2025-09-22,2025-09,0,24.00000000,96,24.00000000,24.00000000,97.49583333,0.00000000,1277538.07500000,0.39892412
2025-09-23,2025-09,1,24.00000000,96,24.00000000,24.00000000,103.08750000,0.00000000,1277676.45000000,0.35845270
2025-09-24,2025-09,2,24.00000000,96,24.00000000,24.00000000,79.18916667,0.00000000,1311220.15000000,0.58823057
2025-09-25,2025-09,3,24.00000000,96,24.00000000,24.00000000,81.81208333,0.00000000,1367760.90000000,0.58104507
2025-09-26,2025-09,4,24.00000000,96,24.00000000,24.00000000,94.96083333,0.00000000,1349417.05000000,0.44857781
2025-09-27,2025-09,5,24.00000000,96,24.00000000,24.00000000,92.79916667,0.00000000,1118397.85000000,0.33460260
2025-09-28,2025-09,6,24.00000000,96,24.00000000,24.00000000,87.18291667,0.00000000,1032988.07500000,0.30447065
2025-09-29,2025-09,0,24.00000000,96,24.00000000,24.00000000,130.56541667,0.00000000,1277062.70000000,0.24361051
2025-09-30,2025-09,1,24.00000000,96,24.00000000,24.00000000,136.16625000,0.00000000,1302463.17500000,0.23201593
2025-10-01,2025-10,2,24.00000000,96,24.00000000,24.00000000,116.57166667,0.00000000,1287318.32500000,0.30065994
2025-10-02,2025-10,3,24.00000000,96,24.00000000,24.00000000,102.69583333,0.00000000,1278818.75000000,0.37579532
2025-10-03,2025-10,4,24.00000000,96,24.00000000,24.00000000,66.76135417,0.00000000,1096340.77500000,0.66937253
2025-10-04,2025-10,5,24.00000000,96,24.00000000,24.00000000,-0.29114583,19.75000000,1169407.70000000,0.87364270
2025-10-05,2025-10,6,24.00000000,96,24.00000000,24.00000000,1.72895833,17.50000000,1129930.22500000,0.92039208
2025-10-06,2025-10,0,24.00000000,96,24.00000000,24.00000000,86.17875000,0.00000000,1367487.27500000,0.54008777
2025-10-07,2025-10,1,24.00000000,96,24.00000000,24.00000000,137.95656250,0.00000000,1340346.15000000,0.17531626
2025-10-08,2025-10,2,24.00000000,96,24.00000000,24.00000000,117.57541667,0.00000000,1334631.62500000,0.18571604
2025-10-09,2025-10,3,24.00000000,96,24.00000000,24.00000000,104.91010417,0.00000000,1365077.77500000,0.27762647
2025-10-10,2025-10,4,24.00000000,96,24.00000000,24.00000000,96.40906250,0.00000000,1384605.10000000,0.41176885
2025-10-11,2025-10,5,24.00000000,96,24.00000000,24.00000000,90.69125000,0.00000000,1180054.52500000,0.38210631
2025-10-12,2025-10,6,24.00000000,96,24.00000000,24.00000000,89.18812500,0.00000000,1084331.50000000,0.33030210
2025-10-13,2025-10,0,24.00000000,96,24.00000000,24.00000000,139.05031250,0.00000000,1312674.30000000,0.13826716
2025-10-14,2025-10,1,24.00000000,96,24.00000000,24.00000000,156.13677083,0.00000000,1337257.77500000,0.20913260
2025-10-15,2025-10,2,24.00000000,96,24.00000000,24.00000000,145.72458333,0.00000000,1357894.32500000,0.16356542
2025-10-16,2025-10,3,24.00000000,96,24.00000000,24.00000000,100.00114583,0.00000000,1382481.37500000,0.29286011
2025-10-17,2025-10,4,24.00000000,96,24.00000000,24.00000000,104.40562500,0.00000000,1366165.72500000,0.30301679
2025-10-18,2025-10,5,24.00000000,96,24.00000000,24.00000000,95.73979167,0.00000000,1155882.65000000,0.33951336
2025-10-19,2025-10,6,24.00000000,96,24.00000000,24.00000000,75.35479167,0.00000000,1104882.95000000,0.60740577
2025-10-20,2025-10,0,24.00000000,96,24.00000000,24.00000000,82.26343750,0.00000000,1395263.40000000,0.56654204
2025-10-21,2025-10,1,24.00000000,96,24.00000000,24.00000000,67.80781250,0.00000000,1408890.50000000,0.65023270
2025-10-22,2025-10,2,24.00000000,96,24.00000000,24.00000000,125.06989583,0.00000000,1375162.05000000,0.30163941
2025-10-23,2025-10,3,24.00000000,96,24.00000000,24.00000000,82.27239583,0.00000000,1403681.17500000,0.63990397
2025-10-24,2025-10,4,24.00000000,96,24.00000000,24.00000000,32.32125000,2.00000000,1406041.72500000,0.84544570
2025-10-25,2025-10,5,24.00000000,96,24.00000000,24.00000000,11.22020833,1.50000000,1242940.17500000,0.87290686
2025-10-26,2025-10,6,25.00000000,100,25.00000000,25.00000000,6.51530000,7.50000000,1220182.27500000,0.97783116
2025-10-27,2025-10,0,24.00000000,96,24.00000000,24.00000000,68.40156250,0.50000000,1431538.80000000,0.72187395
2025-10-28,2025-10,1,24.00000000,96,24.00000000,24.00000000,66.67468750,0.00000000,1446030.50000000,0.73682056
2025-10-29,2025-10,2,24.00000000,96,24.00000000,24.00000000,87.71885417,0.00000000,1416988.60000000,0.57078548
2025-10-30,2025-10,3,24.00000000,96,24.00000000,24.00000000,69.41083333,1.00000000,1398273.72500000,0.65190660
2025-10-31,2025-10,4,24.00000000,96,24.00000000,24.00000000,93.24312500,0.00000000,1294944.22500000,0.42791521
2025-11-01,2025-11,5,24.00000000,96,24.00000000,24.00000000,47.63104167,0.00000000,1154534.30000000,0.62857314
2025-11-02,2025-11,6,24.00000000,96,24.00000000,24.00000000,85.91218750,0.00000000,1111424.60000000,0.39192992
2025-11-03,2025-11,0,24.00000000,96,24.00000000,24.00000000,78.29458333,0.00000000,1382147.30000000,0.53378450
2025-11-04,2025-11,1,24.00000000,96,24.00000000,24.00000000,73.55343750,0.00000000,1409263.50000000,0.50606159
2025-11-05,2025-11,2,24.00000000,96,24.00000000,24.00000000,93.42760417,0.00000000,1406106.77500000,0.44449953
2025-11-06,2025-11,3,24.00000000,96,24.00000000,24.00000000,106.21052083,0.00000000,1412121.95000000,0.28828840
2025-11-07,2025-11,4,24.00000000,96,24.00000000,24.00000000,110.80458333,0.00000000,1410070.80000000,0.14741728
2025-11-08,2025-11,5,24.00000000,96,24.00000000,24.00000000,106.46479167,0.00000000,1219418.17500000,0.06881339
2025-11-09,2025-11,6,24.00000000,96,24.00000000,24.00000000,99.00468750,0.00000000,1142669.00000000,0.07711654
2025-11-10,2025-11,0,24.00000000,96,24.00000000,24.00000000,109.88843750,0.00000000,1380867.22500000,0.17715029
2025-11-11,2025-11,1,24.00000000,96,24.00000000,24.00000000,96.88729167,0.00000000,1419741.12500000,0.35611114
2025-11-12,2025-11,2,24.00000000,96,24.00000000,24.00000000,80.32375000,0.00000000,1435908.10000000,0.49826894
2025-11-13,2025-11,3,24.00000000,96,24.00000000,24.00000000,69.84625000,0.00000000,1454544.25000000,0.55350320
2025-11-14,2025-11,4,24.00000000,96,24.00000000,24.00000000,106.73312500,0.00000000,1390964.92500000,0.28346317
2025-11-15,2025-11,5,24.00000000,96,24.00000000,24.00000000,90.70489583,0.00000000,1232956.50000000,0.47775167
2025-11-16,2025-11,6,24.00000000,96,24.00000000,24.00000000,101.43625000,0.00000000,1150784.32500000,0.25433143
2025-11-17,2025-11,0,24.00000000,96,24.00000000,24.00000000,94.71447917,0.00000000,1470552.27500000,0.37198819
2025-11-18,2025-11,1,24.00000000,96,24.00000000,24.00000000,101.96520833,0.00000000,1525539.42500000,0.42100723
2025-11-19,2025-11,2,24.00000000,96,24.00000000,24.00000000,102.53437500,0.00000000,1509612.07500000,0.34072379
2025-11-20,2025-11,3,24.00000000,96,24.00000000,24.00000000,125.98635417,0.00000000,1519621.85000000,0.24921687
2025-11-21,2025-11,4,24.00000000,96,24.00000000,24.00000000,146.48218750,0.00000000,1496328.55000000,0.17220257
2025-11-22,2025-11,5,24.00000000,96,24.00000000,24.00000000,91.24750000,0.00000000,1347247.57500000,0.40936036
2025-11-23,2025-11,6,24.00000000,96,24.00000000,24.00000000,71.42635417,0.00000000,1315655.90000000,0.57905416
2025-11-24,2025-11,0,24.00000000,96,24.00000000,24.00000000,132.36197917,0.00000000,1524976.95000000,0.28585378
2025-11-25,2025-11,1,24.00000000,96,24.00000000,24.00000000,220.51697917,0.00000000,1495486.72500000,0.10742862
2025-11-26,2025-11,2,24.00000000,96,24.00000000,24.00000000,161.51781250,0.00000000,1516830.52500000,0.11983710
2025-11-27,2025-11,3,24.00000000,96,24.00000000,24.00000000,91.17833333,0.00000000,1573451.25000000,0.45767443
2025-11-28,2025-11,4,24.00000000,96,24.00000000,24.00000000,85.04822917,0.00000000,1528476.97500000,0.45281143
2025-11-29,2025-11,5,24.00000000,96,24.00000000,24.00000000,90.19322917,0.00000000,1287227.82500000,0.40500560
2025-11-30,2025-11,6,24.00000000,96,24.00000000,24.00000000,84.14843750,0.00000000,1245781.22500000,0.49409608
2025-12-01,2025-12,0,24.00000000,96,24.00000000,24.00000000,93.43135417,0.00000000,1519272.82500000,0.46701105
2025-12-02,2025-12,1,24.00000000,96,24.00000000,24.00000000,100.37000000,0.00000000,1567802.85000000,0.39169769
2025-12-03,2025-12,2,24.00000000,96,24.00000000,24.00000000,164.80687500,0.00000000,1535110.02500000,0.09641096
2025-12-04,2025-12,3,24.00000000,96,24.00000000,24.00000000,124.86104167,0.00000000,1545582.55000000,0.14195736
2025-12-05,2025-12,4,24.00000000,96,24.00000000,24.00000000,133.28635417,0.00000000,1505099.95000000,0.09735559
2025-12-06,2025-12,5,24.00000000,96,24.00000000,24.00000000,79.61416667,0.00000000,1319180.25000000,0.55297688
2025-12-07,2025-12,6,24.00000000,96,24.00000000,24.00000000,80.39229167,0.00000000,1190542.30000000,0.52109593
2025-12-08,2025-12,0,24.00000000,96,24.00000000,24.00000000,70.63520833,0.00000000,1481836.62500000,0.59798930
2025-12-09,2025-12,1,24.00000000,96,24.00000000,24.00000000,91.57416667,0.00000000,1468406.17500000,0.43104475
2025-12-10,2025-12,2,24.00000000,96,24.00000000,24.00000000,78.50343750,0.00000000,1506556.22500000,0.49360687
2025-12-11,2025-12,3,24.00000000,96,24.00000000,24.00000000,94.45552083,0.00000000,1524915.20000000,0.42892880
2025-12-12,2025-12,4,24.00000000,96,24.00000000,24.00000000,113.44343750,0.00000000,1436418.50000000,0.16668365
2025-12-13,2025-12,5,24.00000000,96,24.00000000,24.00000000,95.91864583,0.00000000,1303270.82500000,0.25831202
2025-12-14,2025-12,6,24.00000000,96,24.00000000,24.00000000,86.20822917,0.00000000,1273815.57500000,0.44181512
2025-12-15,2025-12,0,24.00000000,96,24.00000000,24.00000000,87.40270833,0.00000000,1482239.05000000,0.42721469
2025-12-16,2025-12,1,24.00000000,96,24.00000000,24.00000000,106.74447917,0.00000000,1472258.40000000,0.27256785
2025-12-17,2025-12,2,24.00000000,96,24.00000000,24.00000000,106.39666667,0.00000000,1455822.12500000,0.22991162
2025-12-18,2025-12,3,24.00000000,96,24.00000000,24.00000000,74.22302083,0.00000000,1447386.82500000,0.59479011
2025-12-19,2025-12,4,24.00000000,96,24.00000000,24.00000000,70.07041667,0.00000000,1399186.57500000,0.51852290
2025-12-20,2025-12,5,24.00000000,96,24.00000000,24.00000000,103.05697917,0.00000000,1196565.20000000,0.18288554
2025-12-21,2025-12,6,24.00000000,96,24.00000000,24.00000000,91.56906250,0.00000000,1151739.27500000,0.44482070
2025-12-22,2025-12,0,24.00000000,96,24.00000000,24.00000000,85.55427083,0.00000000,1329527.52500000,0.51902745
2025-12-23,2025-12,1,24.00000000,96,24.00000000,24.00000000,74.73093750,0.00000000,1338046.05000000,0.64015601
2025-12-24,2025-12,2,24.00000000,96,24.00000000,24.00000000,69.38437500,0.00000000,1221422.45000000,0.71381898
2025-12-25,2025-12,3,24.00000000,96,24.00000000,24.00000000,69.75135417,0.00000000,1154458.20000000,0.51402290
2025-12-26,2025-12,4,24.00000000,96,24.00000000,24.00000000,97.53479167,0.00000000,1155556.25000000,0.28802607
2025-12-27,2025-12,5,24.00000000,96,24.00000000,24.00000000,91.44416667,0.00000000,1238451.55000000,0.39685244
2025-12-28,2025-12,6,24.00000000,96,24.00000000,24.00000000,92.76677083,0.00000000,1199335.52500000,0.30914850
2025-12-29,2025-12,0,24.00000000,96,24.00000000,24.00000000,94.34833333,0.00000000,1319112.90000000,0.49442802
2025-12-30,2025-12,1,24.00000000,96,24.00000000,24.00000000,87.76000000,0.00000000,1310279.95000000,0.46624710
2025-12-31,2025-12,2,24.00000000,96,24.00000000,24.00000000,87.31375000,0.00000000,1255281.80000000,0.65038675
