month,mean_price_eur_mwh,negative_price_hours,baseline_cost_eur_per_mw,flexible_cost_eur_per_mw,gross_difference_eur_per_mw
2025-01,114.14016129,14.00000000,16243.45000000,12842.13000000,3401.32000000
2025-02,128.52236607,0.00000000,15388.78000000,12268.51000000,3120.27000000
2025-03,94.72749664,30.00000000,9384.82000000,4690.91000000,4693.91000000
2025-04,77.93565278,75.00000000,7943.66000000,1250.74000000,6692.92000000
2025-05,67.33862903,129.00000000,5328.56000000,-737.93000000,6066.49000000
2025-06,63.98750000,141.00000000,4288.35000000,-815.22000000,5103.57000000
2025-07,87.79522849,12.00000000,9641.00000000,4939.98000000,4701.02000000
2025-08,76.99025538,64.00000000,7463.73000000,2144.47000000,5319.26000000
2025-09,83.51108333,60.00000000,8897.20000000,3653.21000000,5243.99000000
2025-10,84.40203356,49.75000000,11221.86000000,7669.94250000,3551.91750000
2025-11,101.88149653,0.00000000,12818.40500000,10973.43250000,1844.97250000
2025-12,93.46944556,0.00000000,12641.97500000,11016.68000000,1625.29500000
