local_date,candidate_count,baseline_cost_eur_per_mw,flexible_cost_eur_per_mw,best_start_hour,gross_difference_eur_per_mw
2025-01-01,13,-0.18000000,-1.26000000,11,1.08000000
2025-01-02,13,495.08000000,414.72000000,6,80.36000000
2025-01-03,13,311.45000000,295.86000000,10,15.59000000
2025-01-04,13,517.77000000,489.76000000,6,28.01000000
2025-01-05,13,344.97000000,189.98000000,18,154.99000000
2025-01-06,13,145.25000000,100.73000000,18,44.52000000
2025-01-07,13,307.37000000,261.70000000,11,45.67000000
2025-01-08,13,431.06000000,381.85000000,10,49.21000000
2025-01-09,13,608.88000000,484.41000000,18,124.47000000
2025-01-10,13,513.55000000,436.04000000,11,77.51000000
2025-01-11,13,411.48000000,384.35000000,11,27.13000000
2025-01-12,13,458.12000000,412.95000000,11,45.17000000
2025-01-13,13,654.60000000,427.54000000,11,227.06000000
2025-01-14,13,562.82000000,435.88000000,11,126.94000000
2025-01-15,13,1238.09000000,927.36000000,18,310.73000000
2025-01-16,13,667.19000000,540.77000000,11,126.42000000
2025-01-17,13,682.20000000,524.19000000,11,158.01000000
2025-01-18,13,542.50000000,474.76000000,11,67.74000000
2025-01-19,13,495.51000000,458.13000000,11,37.38000000
2025-01-20,13,1147.46000000,726.72000000,11,420.74000000
2025-01-21,13,819.55000000,601.82000000,11,217.73000000
2025-01-22,13,790.01000000,609.78000000,18,180.23000000
2025-01-23,13,561.49000000,354.09000000,13,207.40000000
2025-01-24,13,379.91000000,298.96000000,13,80.95000000
2025-01-25,13,350.77000000,332.51000000,6,18.26000000
2025-01-26,13,454.22000000,356.45000000,18,97.77000000
2025-01-27,13,220.40000000,159.71000000,10,60.69000000
2025-01-28,13,519.67000000,445.86000000,18,73.81000000
2025-01-29,13,467.29000000,347.45000000,11,119.84000000
2025-01-30,13,570.15000000,481.85000000,11,88.30000000
2025-01-31,13,574.82000000,487.21000000,11,87.61000000
2025-02-01,13,544.38000000,447.47000000,11,96.91000000
2025-02-02,13,534.37000000,478.51000000,12,55.86000000
2025-02-03,13,697.27000000,482.79000000,11,214.48000000
2025-02-04,13,638.40000000,476.72000000,11,161.68000000
2025-02-05,13,592.29000000,483.07000000,11,109.22000000
2025-02-06,13,711.11000000,581.96000000,12,129.15000000
2025-02-07,13,563.59000000,439.53000000,12,124.06000000
2025-02-08,13,351.96000000,295.73000000,10,56.23000000
2025-02-09,13,481.18000000,409.79000000,11,71.39000000
2025-02-10,13,595.72000000,442.81000000,18,152.91000000
2025-02-11,13,486.38000000,398.22000000,10,88.16000000
2025-02-12,13,660.98000000,572.72000000,11,88.26000000
2025-02-13,13,830.98000000,681.42000000,12,149.56000000
2025-02-14,13,824.79000000,617.28000000,11,207.51000000
2025-02-15,13,530.63000000,456.91000000,11,73.72000000
2025-02-16,13,511.82000000,488.49000000,11,23.33000000
2025-02-17,13,637.95000000,445.33000000,11,192.62000000
2025-02-18,13,571.28000000,393.00000000,11,178.28000000
2025-02-19,13,492.32000000,338.74000000,11,153.58000000
2025-02-20,13,414.80000000,343.39000000,11,71.41000000
2025-02-21,13,448.27000000,316.87000000,12,131.40000000
2025-02-22,13,236.33000000,193.43000000,10,42.90000000
2025-02-23,13,376.09000000,274.18000000,12,101.91000000
2025-02-24,13,362.42000000,327.11000000,10,35.31000000
2025-02-25,13,594.18000000,511.57000000,11,82.61000000
2025-02-26,13,606.73000000,495.49000000,11,111.24000000
2025-02-27,13,541.57000000,430.35000000,11,111.22000000
2025-02-28,13,550.99000000,445.63000000,11,105.36000000
2025-03-01,13,513.72000000,408.10000000,12,105.62000000
2025-03-02,13,309.41000000,82.47000000,11,226.94000000
2025-03-03,13,333.05000000,68.14000000,11,264.91000000
2025-03-04,13,381.53000000,135.76000000,11,245.77000000
2025-03-05,13,127.22000000,-8.03000000,10,135.25000000
2025-03-06,13,241.69000000,17.28000000,11,224.41000000
2025-03-07,13,302.34000000,89.74000000,11,212.60000000
2025-03-08,13,190.70000000,1.70000000,11,189.00000000
2025-03-09,13,104.80000000,-4.18000000,11,108.98000000
2025-03-10,13,395.10000000,315.13000000,11,79.97000000
2025-03-11,13,474.50000000,394.30000000,10,80.20000000
2025-03-12,13,475.72000000,399.32000000,11,76.40000000
2025-03-13,13,540.63000000,435.76000000,12,104.87000000
2025-03-14,13,505.44000000,420.82000000,11,84.62000000
2025-03-15,13,324.72000000,226.99000000,11,97.73000000
2025-03-16,13,161.84000000,6.63000000,11,155.21000000
2025-03-17,13,354.74000000,159.82000000,11,194.92000000
2025-03-18,13,204.00000000,4.64000000,11,199.36000000
2025-03-19,13,214.21000000,0.14000000,11,214.07000000
2025-03-20,13,220.25000000,21.10000000,11,199.15000000
2025-03-21,13,234.64000000,10.65000000,11,223.99000000
2025-03-22,13,-5.06000000,-43.32000000,11,38.26000000
2025-03-23,13,65.46000000,39.56000000,11,25.90000000
2025-03-24,13,515.76000000,415.55000000,11,100.21000000
2025-03-25,13,410.60000000,298.18000000,11,112.42000000
2025-03-26,13,445.34000000,364.46000000,12,80.88000000
2025-03-27,13,336.51000000,107.30000000,11,229.21000000
2025-03-28,13,205.10000000,16.12000000,11,188.98000000
2025-03-29,13,299.01000000,96.60000000,12,202.41000000
2025-03-30,13,-14.86000000,-83.29000000,12,68.43000000
2025-03-31,13,516.71000000,293.47000000,13,223.24000000
2025-04-01,13,424.27000000,102.31000000,12,321.96000000
2025-04-02,13,257.82000000,-56.00000000,12,313.82000000
2025-04-03,13,252.72000000,-15.71000000,12,268.43000000
2025-04-04,13,307.90000000,-2.65000000,12,310.55000000
2025-04-05,13,155.18000000,-150.83000000,12,306.01000000
2025-04-06,13,12.33000000,-350.89000000,12,363.22000000
2025-04-07,13,400.08000000,78.91000000,12,321.17000000
2025-04-08,13,365.63000000,122.46000000,12,243.17000000
2025-04-09,13,373.47000000,68.47000000,12,305.00000000
2025-04-10,13,389.89000000,38.39000000,12,351.50000000
2025-04-11,13,156.10000000,-11.70000000,12,167.80000000
2025-04-12,13,182.94000000,-109.96000000,12,292.90000000
2025-04-13,13,21.28000000,-57.17000000,12,78.45000000
2025-04-14,13,416.49000000,263.64000000,12,152.85000000
2025-04-15,13,215.41000000,3.10000000,11,212.31000000
2025-04-16,13,348.59000000,137.64000000,12,210.95000000
2025-04-17,13,456.03000000,317.28000000,12,138.75000000
2025-04-18,13,352.97000000,266.78000000,12,86.19000000
2025-04-19,13,194.85000000,-11.13000000,12,205.98000000
2025-04-20,13,81.51000000,-133.18000000,11,214.69000000
2025-04-21,13,275.61000000,44.54000000,12,231.07000000
2025-04-22,13,444.05000000,297.50000000,12,146.55000000
2025-04-23,13,415.23000000,341.68000000,12,73.55000000
2025-04-24,13,416.78000000,317.27000000,12,99.51000000
2025-04-25,13,374.03000000,215.10000000,12,158.93000000
2025-04-26,13,109.18000000,-35.44000000,12,144.62000000
2025-04-27,13,-1.89000000,-397.46000000,12,395.57000000
2025-04-28,13,174.24000000,-17.64000000,12,191.88000000
2025-04-29,13,187.29000000,-4.34000000,12,191.63000000
2025-04-30,13,183.68000000,-10.23000000,12,193.91000000
2025-05-01,13,19.00000000,-383.10000000,12,402.10000000
2025-05-02,13,140.74000000,-7.88000000,12,148.62000000
2025-05-03,13,93.43000000,-6.92000000,12,100.35000000
2025-05-04,13,2.91000000,-8.62000000,12,11.53000000
2025-05-05,13,339.16000000,224.44000000,11,114.72000000
2025-05-06,13,323.61000000,186.31000000,11,137.30000000
2025-05-07,13,377.14000000,269.69000000,11,107.45000000
2025-05-08,13,388.39000000,273.39000000,11,115.00000000
2025-05-09,13,234.31000000,-0.70000000,12,235.01000000
2025-05-10,13,59.79000000,-333.04000000,12,392.83000000
2025-05-11,13,-59.11000000,-804.18000000,12,745.07000000
2025-05-12,13,174.81000000,-98.49000000,12,273.30000000
2025-05-13,13,195.12000000,-32.38000000,12,227.50000000
2025-05-14,13,169.01000000,-92.68000000,12,261.69000000
2025-05-15,13,182.21000000,-40.60000000,12,222.81000000
2025-05-16,13,196.75000000,-6.68000000,12,203.43000000
2025-05-17,13,55.42000000,-32.05000000,12,87.47000000
2025-05-18,13,77.76000000,-33.34000000,12,111.10000000
2025-05-19,13,305.25000000,53.92000000,12,251.33000000
2025-05-20,13,262.73000000,7.88000000,12,254.85000000
2025-05-21,13,235.01000000,-3.84000000,12,238.85000000
2025-05-22,13,154.37000000,-42.06000000,13,196.43000000
2025-05-23,13,324.62000000,14.06000000,12,310.56000000
2025-05-24,13,74.23000000,-2.74000000,13,76.97000000
2025-05-25,13,-1.18000000,-14.56000000,13,13.38000000
2025-05-26,13,237.54000000,-3.87000000,12,241.41000000
2025-05-27,13,126.25000000,3.28000000,12,122.97000000
2025-05-28,13,332.94000000,219.01000000,12,113.93000000
2025-05-29,13,167.42000000,-6.74000000,13,174.16000000
2025-05-30,13,83.95000000,-8.45000000,12,92.40000000
2025-05-31,13,54.98000000,-26.99000000,12,81.97000000
2025-06-01,13,-0.32000000,-54.95000000,13,54.63000000
2025-06-02,13,278.64000000,63.53000000,12,215.11000000
2025-06-03,13,147.39000000,-9.66000000,12,157.05000000
2025-06-04,13,312.24000000,91.42000000,12,220.82000000
2025-06-05,13,311.81000000,57.97000000,12,253.84000000
2025-06-06,13,63.27000000,-17.02000000,12,80.29000000
2025-06-07,13,185.13000000,-0.92000000,13,186.05000000
2025-06-08,13,-10.71000000,-184.49000000,13,173.78000000
2025-06-09,13,-2.93000000,-49.59000000,12,46.66000000
2025-06-10,13,174.48000000,-7.82000000,12,182.30000000
2025-06-11,13,176.07000000,-7.13000000,12,183.20000000
2025-06-12,13,112.95000000,-80.85000000,12,193.80000000
2025-06-13,13,121.49000000,-16.53000000,12,138.02000000
2025-06-14,13,-3.36000000,-108.55000000,11,105.19000000
2025-06-15,13,59.39000000,-13.83000000,12,73.22000000
2025-06-16,13,267.71000000,1.69000000,12,266.02000000
2025-06-17,13,173.06000000,-14.53000000,12,187.59000000
2025-06-18,13,213.30000000,-5.74000000,12,219.04000000
2025-06-19,13,40.80000000,-222.39000000,12,263.19000000
2025-06-20,13,212.53000000,-0.26000000,12,212.79000000
2025-06-21,13,97.51000000,-74.67000000,12,172.18000000
2025-06-22,13,-49.76000000,-287.51000000,12,237.75000000
2025-06-23,13,91.48000000,-116.89000000,13,208.37000000
2025-06-24,13,24.84000000,-74.52000000,11,99.36000000
2025-06-25,13,178.03000000,-0.67000000,12,178.70000000
2025-06-26,13,370.07000000,222.40000000,13,147.67000000
2025-06-27,13,345.21000000,75.97000000,13,269.24000000
2025-06-28,13,30.11000000,-7.11000000,12,37.22000000
2025-06-29,13,49.25000000,-64.96000000,12,114.21000000
2025-06-30,13,318.67000000,92.39000000,11,226.28000000
2025-07-01,13,359.78000000,214.22000000,11,145.56000000
2025-07-02,13,348.13000000,185.25000000,11,162.88000000
2025-07-03,13,327.76000000,138.65000000,12,189.11000000
2025-07-04,13,267.85000000,-3.59000000,12,271.44000000
2025-07-05,13,21.12000000,-8.43000000,13,29.55000000
2025-07-06,13,141.78000000,40.50000000,11,101.28000000
2025-07-07,13,501.90000000,227.20000000,13,274.70000000
2025-07-08,13,372.04000000,222.56000000,12,149.48000000
2025-07-09,13,371.70000000,198.46000000,12,173.24000000
2025-07-10,13,341.58000000,180.99000000,12,160.59000000
2025-07-11,13,354.53000000,171.85000000,13,182.68000000
2025-07-12,13,164.85000000,0.44000000,12,164.41000000
2025-07-13,13,149.89000000,0.00000000,12,149.89000000
2025-07-14,13,368.74000000,248.12000000,12,120.62000000
2025-07-15,13,340.35000000,189.22000000,12,151.13000000
2025-07-16,13,391.58000000,296.74000000,13,94.84000000
2025-07-17,13,361.09000000,241.39000000,12,119.70000000
2025-07-18,13,374.52000000,296.89000000,13,77.63000000
2025-07-19,13,142.52000000,0.64000000,11,141.88000000
2025-07-20,13,133.55000000,2.06000000,11,131.49000000
2025-07-21,13,438.42000000,340.38000000,12,98.04000000
2025-07-22,13,343.92000000,51.23000000,13,292.69000000
2025-07-23,13,298.99000000,124.57000000,12,174.42000000
2025-07-24,13,380.18000000,329.04000000,11,51.14000000
2025-07-25,13,388.28000000,315.37000000,13,72.91000000
2025-07-26,13,328.60000000,234.45000000,12,94.15000000
2025-07-27,13,311.90000000,86.93000000,13,224.97000000
2025-07-28,13,412.03000000,297.10000000,13,114.93000000
2025-07-29,13,299.59000000,37.21000000,12,262.38000000
2025-07-30,13,276.62000000,81.21000000,12,195.41000000
2025-07-31,13,327.21000000,199.33000000,12,127.88000000
2025-08-01,13,392.36000000,230.06000000,13,162.30000000
2025-08-02,13,180.85000000,2.95000000,12,177.90000000
2025-08-03,13,3.05000000,-27.96000000,12,31.01000000
2025-08-04,13,334.87000000,19.57000000,12,315.30000000
2025-08-05,13,76.41000000,-36.32000000,13,112.73000000
2025-08-06,13,109.62000000,-29.37000000,12,138.99000000
2025-08-07,13,200.34000000,-2.41000000,12,202.75000000
2025-08-08,13,273.43000000,-0.04000000,12,273.47000000
2025-08-09,13,84.51000000,-41.24000000,12,125.75000000
2025-08-10,13,7.64000000,-174.17000000,12,181.81000000
2025-08-11,13,248.64000000,2.54000000,11,246.10000000
2025-08-12,13,311.14000000,51.58000000,12,259.56000000
2025-08-13,13,356.93000000,182.04000000,11,174.89000000
2025-08-14,13,339.44000000,217.58000000,11,121.86000000
2025-08-15,13,226.97000000,1.80000000,12,225.17000000
2025-08-16,13,177.85000000,0.14000000,12,177.71000000
2025-08-17,13,118.89000000,-2.28000000,11,121.17000000
2025-08-18,13,316.70000000,98.54000000,11,218.16000000
2025-08-19,13,299.49000000,77.97000000,12,221.52000000
2025-08-20,13,344.00000000,195.16000000,11,148.84000000
2025-08-21,13,368.60000000,260.04000000,12,108.56000000
2025-08-22,13,307.28000000,21.94000000,12,285.34000000
2025-08-23,13,164.45000000,4.74000000,11,159.71000000
2025-08-24,13,77.56000000,-16.93000000,12,94.49000000
2025-08-25,13,310.01000000,47.91000000,12,262.10000000
2025-08-26,13,335.86000000,167.88000000,11,167.98000000
2025-08-27,13,380.56000000,242.18000000,12,138.38000000
2025-08-28,13,486.19000000,398.61000000,13,87.58000000
2025-08-29,13,392.69000000,254.10000000,12,138.59000000
2025-08-30,13,209.93000000,-0.40000000,12,210.33000000
2025-08-31,13,27.47000000,-1.74000000,11,29.21000000
2025-09-01,13,365.69000000,173.79000000,12,191.90000000
2025-09-02,13,455.33000000,321.58000000,12,133.75000000
2025-09-03,13,223.50000000,-0.48000000,12,223.98000000
2025-09-04,13,233.14000000,47.24000000,11,185.90000000
2025-09-05,13,398.13000000,298.14000000,12,99.99000000
2025-09-06,13,186.44000000,-1.88000000,12,188.32000000
2025-09-07,13,-24.18000000,-164.62000000,12,140.44000000
2025-09-08,13,389.55000000,271.98000000,11,117.57000000
2025-09-09,13,525.55000000,350.87000000,12,174.68000000
2025-09-10,13,511.12000000,353.54000000,12,157.58000000
2025-09-11,13,304.28000000,-0.80000000,12,305.08000000
2025-09-12,13,150.27000000,-23.96000000,12,174.23000000
2025-09-13,13,142.97000000,-0.03000000,12,143.00000000
2025-09-14,13,275.52000000,6.51000000,12,269.01000000
2025-09-15,13,38.22000000,-44.87000000,12,83.09000000
2025-09-16,13,-12.69000000,-59.63000000,11,46.94000000
2025-09-17,13,318.40000000,70.35000000,11,248.05000000
2025-09-18,13,273.07000000,0.72000000,12,272.35000000
2025-09-19,13,280.20000000,12.96000000,12,267.24000000
2025-09-20,13,102.93000000,-22.34000000,11,125.27000000
2025-09-21,13,4.23000000,-4.62000000,11,8.85000000
2025-09-22,13,408.25000000,293.30000000,11,114.95000000
2025-09-23,13,467.99000000,310.14000000,12,157.85000000
2025-09-24,13,383.08000000,62.66000000,12,320.42000000
2025-09-25,13,377.06000000,117.97000000,12,259.09000000
2025-09-26,13,409.17000000,307.16000000,12,102.01000000
2025-09-27,13,369.49000000,219.42000000,11,150.07000000
2025-09-28,13,313.36000000,76.11000000,11,237.25000000
2025-09-29,13,464.13000000,324.07000000,11,140.06000000
2025-09-30,13,563.00000000,357.93000000,11,205.07000000
2025-10-01,13,400.94000000,277.62000000,11,123.32000000
2025-10-02,13,406.94750000,275.84500000,11,131.10250000
2025-10-03,13,288.08250000,109.56000000,11,178.52250000
2025-10-04,13,-0.65000000,-5.18500000,13,4.53500000
2025-10-05,13,-6.82750000,-12.15000000,10,5.32250000
2025-10-06,13,432.71500000,353.55250000,11,79.16250000
2025-10-07,13,784.42000000,435.63500000,12,348.78500000
2025-10-08,13,523.34000000,370.02750000,12,153.31250000
2025-10-09,13,489.03750000,346.40250000,12,142.63500000
2025-10-10,13,405.50250000,312.59750000,11,92.90500000
2025-10-11,13,349.81250000,227.24000000,11,122.57250000
2025-10-12,13,319.82750000,253.42250000,11,66.40500000
2025-10-13,13,584.84000000,378.89750000,12,205.94250000
2025-10-14,13,601.83500000,435.75500000,11,166.08000000
2025-10-15,13,725.71250000,470.33750000,12,255.37500000
2025-10-16,13,433.24250000,330.88500000,12,102.35750000
2025-10-17,13,490.07250000,351.30500000,12,138.76750000
2025-10-18,13,389.04250000,294.55750000,11,94.48500000
2025-10-19,13,295.52750000,151.38000000,11,144.14750000
2025-10-20,13,360.36750000,268.64500000,10,91.72250000
2025-10-21,13,315.68250000,172.32750000,12,143.35500000
2025-10-22,13,436.41750000,357.77500000,11,78.64250000
2025-10-23,13,322.32000000,263.33750000,11,58.98250000
2025-10-24,13,252.72000000,3.04250000,12,249.67750000
2025-10-25,13,23.07000000,13.09000000,6,9.98000000
2025-10-26,13,-0.46750000,-1.42250000,11,0.95500000
2025-10-27,13,393.37750000,330.83250000,12,62.54500000
2025-10-28,13,333.17750000,267.38000000,12,65.79750000
2025-10-29,13,328.23500000,290.11500000,10,38.12000000
2025-10-30,13,202.00500000,38.37500000,11,163.63000000
2025-10-31,13,341.53500000,308.76000000,9,32.77500000
2025-11-01,13,91.05250000,82.11750000,9,8.93500000
2025-11-02,13,305.54750000,301.45500000,6,4.09250000
2025-11-03,13,337.88250000,286.56500000,11,51.31750000
2025-11-04,13,304.36500000,230.60750000,10,73.75750000
2025-11-05,13,306.54500000,261.50000000,9,45.04500000
2025-11-06,13,381.75000000,340.03000000,10,41.72000000
2025-11-07,13,419.52000000,364.22250000,10,55.29750000
2025-11-08,13,408.24500000,389.56250000,11,18.68250000
2025-11-09,13,389.22750000,373.44250000,6,15.78500000
2025-11-10,13,543.69000000,403.48500000,18,140.20500000
2025-11-11,13,396.30750000,355.98500000,10,40.32250000
2025-11-12,13,310.36750000,264.43500000,10,45.93250000
2025-11-13,13,212.97500000,194.98250000,9,17.99250000
2025-11-14,13,475.35000000,418.37750000,18,56.97250000
2025-11-15,13,336.33500000,310.51250000,6,25.82250000
2025-11-16,13,401.52000000,377.83500000,6,23.68500000
2025-11-17,13,438.28750000,327.01750000,11,111.27000000
2025-11-18,13,408.21500000,360.72500000,10,47.49000000
2025-11-19,13,440.97500000,372.33000000,10,68.64500000
2025-11-20,13,579.94250000,514.66000000,11,65.28250000
2025-11-21,13,675.94750000,554.65250000,10,121.29500000
2025-11-22,13,353.91750000,311.87500000,11,42.04250000
2025-11-23,13,266.46750000,263.80500000,6,2.66250000
2025-11-24,13,463.53000000,412.74500000,6,50.78500000
2025-11-25,13,1225.63750000,855.13250000,18,370.50500000
2025-11-26,13,816.70500000,668.81250000,18,147.89250000
2025-11-27,13,409.67000000,350.73500000,11,58.93500000
2025-11-28,13,404.54000000,365.31250000,18,39.22750000
2025-11-29,13,387.43500000,348.47250000,18,38.96250000
2025-11-30,13,326.45500000,312.04250000,6,14.41250000
2025-12-01,13,424.12000000,334.01000000,18,90.11000000
2025-12-02,13,348.48500000,342.23000000,6,6.25500000
2025-12-03,13,830.44000000,647.81250000,18,182.62750000
2025-12-04,13,595.18500000,499.27250000,18,95.91250000
2025-12-05,13,707.44000000,491.49250000,18,215.94750000
2025-12-06,13,322.46000000,292.00750000,6,30.45250000
2025-12-07,13,346.00500000,299.10750000,6,46.89750000
2025-12-08,13,364.36500000,332.22000000,10,32.14500000
2025-12-09,13,447.48500000,345.03750000,18,102.44750000
2025-12-10,13,357.28250000,329.66750000,10,27.61500000
2025-12-11,13,401.62250000,364.71750000,10,36.90500000
2025-12-12,13,498.01500000,471.58750000,10,26.42750000
2025-12-13,13,403.40000000,363.00000000,6,40.40000000
2025-12-14,13,328.18750000,318.75250000,6,9.43500000
2025-12-15,13,367.11500000,337.36750000,10,29.74750000
2025-12-16,13,384.68500000,374.35000000,10,10.33500000
2025-12-17,13,502.44000000,398.31750000,18,104.12250000
2025-12-18,13,335.87000000,289.33250000,18,46.53750000
2025-12-19,13,355.64750000,295.92000000,6,59.72750000
2025-12-20,13,451.66250000,411.76750000,18,39.89500000
2025-12-21,13,413.04000000,337.45250000,18,75.58750000
2025-12-22,13,358.38250000,349.20250000,10,9.18000000
2025-12-23,13,335.04500000,314.34500000,18,20.70000000
2025-12-24,13,308.78000000,279.54500000,11,29.23500000
2025-12-25,13,231.66000000,199.10000000,10,32.56000000
2025-12-26,13,369.87250000,339.65250000,10,30.22000000
2025-12-27,13,351.55750000,306.70500000,10,44.85250000
2025-12-28,13,370.50750000,335.09250000,11,35.41500000
2025-12-29,13,412.87750000,362.62750000,11,50.25000000
2025-12-30,13,354.47000000,318.11250000,10,36.35750000
2025-12-31,13,363.87000000,336.87500000,11,26.99500000
